﻿Nom,Actons de prospection,Ange d'approche,CA,Dernier contact,ICP fit,Localisation Principale,Notes,Priorité,Prochaine relance,Secteur,Site web,Source,Statut,Taille,Téléphone
Voltéo,,,,,,Bordeaux,,,,,,,,,
Diocèse de Versailles,,,,,,Paris,,,,,,,,,
Axa Millésimes Gestion,,,,,,,"9 exceptional vineyards: Pichon Baron, Pibran, Suduiraut, Arlot, Quinta do Noval, Passadouro, Disznókő, Outpost & Platt",,,,,,,,
V8TE,,,,,,,,,,,,,,,
Vinci Construction,,,,,,,,,,,,,,,
SoftatHome,,,,,,,,,,,,,,,
Compagnie des Alpes,,,,,,,,,,,,,,,
Trescal Group,,,,,,,,,,,,,,,
Agence Dn'D,,,,,,,,,,,,,,,
groupe bonnefon,,,,,,,,,,,,,,,
SORIBA,Message Laurent GORCE (https://www.notion.so/2fed19e8243380f2a00bf206bf5c546b?pvs=21),,,"Feb 4, 2026",,Challans,,,,BTP,http://www.soriba.fr,,,51-200,0251932301
APLIX,,,,,,,,,,,,,,,
VetPartners France,,,,,,,,,,,,,,,
Avenir Mutuelle,,,,,,,,,,,,,,,
Wibaie,,,,,,Cholet,Groupe Liebot,,,BTP,http://www.wibaie.fr,Linkedin,,201-1000,
Zoom in Zoom out,,,,,,,,,,,,,,,
WeeFin,,,,,,,,,,,,,,,
RCM,,,,,,,,,,,,,,,
A5sys,,,,,,,,,,,,,,,
Pileje,,,,,,,,,,,,,,,
Fondation Cémavie,,,,,,,,,,,,,,,
VMI Mixing Solutions,,,,,,,,,,,,,,,
Orisha,,,,,,,,,,,,,,,
ADMR,,,,,,,,,,,,,,,
Brioche Pasquier,,,,,,,,,,,,,,,
l'Hospitalet,,,,,,,,,,,,,,,
BOUVET Menuiseries,,,250 M€+,,,La Membrolle sur Longuenée,,,,BTP,http://www.menuiseries-bouvet.com,,,51-200,
Nickel,,,,,,,,,,,,,,,
ALTYN,,,,,,Nantes,energie,,,BTP,www.altyn-groupe.com,,,201-1000,
Groupe Pautric,,,250 M€+,,,Nantes,distribution automobile,,,Retail,https://groupepautric.com/,,,1000+,
Ville de CHALLANS,,,,,,,,,,,,,,,
Vivalto Santé,,,,,,,,,,,,,,,
La charcuterie Vendéenne - Petitgas,,,,,,,,,,,,,,,
AGIR Recouvrement,,,,,,,,,,,,,,,
GOZOKI,,,250 M€+,,,Estillac,agro alimentaire,,,Industrie,,,,1000+,
Spie batignolles ETPO,,,,,,Saint-Herblain,,,,BTP,,Linkedin,,201-1000,
Martin Technologies,,,,,,,,,,,,,,,
Groupe Laure,,,,,,Saint Etienne de Montluc,,,,Transports,https://groupelaure.fr/,Linkedin,,201-1000,02 40 85 70 70
Etablissements Sogal (CMAI),,,,,,Angers,utilisent logiciel Sprit of TOD,,,BTP,http://www.cmai-goupe.com/,,,201-1000,0241495450
LCA Construction Bois,,,20 -50 M€,,,Cholet,filiale de Bonnin Charbonneau,3 - Pertinent,,BTP,http://www.lca-construction.fr,Linkedin,A cibler,51-200,0251416472
CRUARD CHARPENTE ET CONSTRUCTIONS BOIS,,,,,,Laval,,,,BTP,http://cruard-charpente.com,Linkedin,A cibler,51-200,0243981010
EBTrans,,,,,,Nantes,,3 - Pertinent,,Transports,http://ebtrans.com,Linkedin,A cibler,1000+,
SOLOC,,,,,,Nantes,,,,BTP,http://www.soloc.fr,Linkedin,A cibler,201-1000,0240574270
Giffard,,,50 - 100 M€,,,,"seulement un RSI depuis 8 ans, pas de DSI —- peut etre un peu tot mais à voir",,,Retail,http://www.giffard.com,Linkedin,A cibler,51-200,
Finance Conseil,,,50 - 100 M€,,,Beaucouzé,pas de DSI seul un Dir webmarketing et digital Quentin BODET,5 - Coeur de cible,,Finance,https://www.financeconseil.fr,Linkedin,A cibler,201-1000,
CASTEL,,"objectif de 40 M€ d’ici 5 ans, et s’inscrit dans un pôle tertiaire Urmet (Castel + MWS + Synchronic) à 53 M€ de CA pour environ 250 collaborateurs. Castel représente plus de la moitié de ce pôle, avec 146 collaborateurs dont ~100 sur le site de Neuillé. https://www.lejournaldesentreprises.com/article/le-fabricant-dinterphones-saumurois-castel-veut-accelerer-linternational-2122184",20 -50 M€,,Oui,Angers,"Neuillé

seulement un Administrateur systèmes et réseaux @ Trélazé (Sébastien Fortier)",5 - Coeur de cible,,SaaS / Tech,https://www.castel.fr/castel/qui-sommes-nous/,Linkedin,A cibler,51-200,+332 41 40 41 40
Maison BECAM,,,20 -50 M€,,Oui,Saint Barthélémy d'Anjou,"En termes de niveau, on est sur un DSI groupe ou Directeur des Systèmes d’Information et du Digital avec :
• périmètre groupe (siège + ateliers + réseau de boulangeries, y compris franchisés pour la partie outillage),
• rattachement direct à la Direction générale,
• rôle de conduite de la croissance (scaling du SI), plus que de simple maintien opérationnel.
En résumé : au vu des chiffres et de l’organisation, la fonction DSI est non seulement pertinente mais devient un levier stratégique pour accompagner le passage de 30 à 100 boulangeries",5 - Coeur de cible,,Retail,http://maisonbecam.com,Linkedin,A cibler,201-1000,0241182096
RIVARD,,,50 - 100 M€,,Oui,Daumeray,"pour une ETI industrielle comme RIVARD (≈300 salariés, ≈50 M€ de CA, multi‑sites, filiale d’un groupe international, forte croissance et transformation industrielle), la présence d’un DSI est non seulement justifiée mais pratiquement indispensable pour sécuriser et accompagner le plan de développement à 5–10 ans.",5 - Coeur de cible,,Industrie,http://www.rivard-international.com/fr/,Linkedin,A cibler,201-1000,0241336868
Devillé ASC,,,,,,,,,,,,,,,
BREGER,,,,,,,,,,,,,,,
