﻿Nom,Site web,Secteur,Taille,Localisation Principale,Priorité,ICP fit,Statut,Dernier contact,Prochaine relance,Notes,Actons de prospection,Ange d'approche,Source,CA,Téléphone
RIVARD,http://www.rivard-international.com/fr/,Industrie,201-1000,Daumeray,5 - Coeur de cible,Oui,A cibler,,,"pour une ETI industrielle comme RIVARD (≈300 salariés, ≈50 M€ de CA, multi‑sites, filiale d’un groupe international, forte croissance et transformation industrielle), la présence d’un DSI est non seulement justifiée mais pratiquement indispensable pour sécuriser et accompagner le plan de développement à 5–10 ans.",,,Linkedin,50 - 100 M€,0241336868
Maison BECAM,http://maisonbecam.com,Retail,201-1000,Saint Barthélémy d'Anjou,5 - Coeur de cible,Oui,A cibler,,,"En termes de niveau, on est sur un DSI groupe ou Directeur des Systèmes d’Information et du Digital avec :
• périmètre groupe (siège + ateliers + réseau de boulangeries, y compris franchisés pour la partie outillage),
• rattachement direct à la Direction générale,
• rôle de conduite de la croissance (scaling du SI), plus que de simple maintien opérationnel.
En résumé : au vu des chiffres et de l’organisation, la fonction DSI est non seulement pertinente mais devient un levier stratégique pour accompagner le passage de 30 à 100 boulangeries",,,Linkedin,20 -50 M€,0241182096
CASTEL,https://www.castel.fr/castel/qui-sommes-nous/,SaaS / Tech,51-200,Angers,5 - Coeur de cible,Oui,A cibler,,,"Neuillé

seulement un Administrateur systèmes et réseaux @ Trélazé (Sébastien Fortier)",,"objectif de 40 M€ d’ici 5 ans, et s’inscrit dans un pôle tertiaire Urmet (Castel + MWS + Synchronic) à 53 M€ de CA pour environ 250 collaborateurs. Castel représente plus de la moitié de ce pôle, avec 146 collaborateurs dont ~100 sur le site de Neuillé. https://www.lejournaldesentreprises.com/article/le-fabricant-dinterphones-saumurois-castel-veut-accelerer-linternational-2122184",Linkedin,20 -50 M€,+332 41 40 41 40
Finance Conseil,https://www.financeconseil.fr,Finance,201-1000,Beaucouzé,5 - Coeur de cible,,A cibler,,,pas de DSI seul un Dir webmarketing et digital Quentin BODET,,,Linkedin,50 - 100 M€,
CRUARD CHARPENTE ET CONSTRUCTIONS BOIS,http://cruard-charpente.com,BTP,51-200,Laval,,,A cibler,,,,,,Linkedin,,0243981010
LCA Construction Bois,http://www.lca-construction.fr,BTP,51-200,Cholet,3 - Pertinent,,A cibler,,,filiale de Bonnin Charbonneau,,,Linkedin,20 -50 M€,0251416472
Groupe Laure,https://groupelaure.fr/,Transports,201-1000,Saint Etienne de Montluc,,,,,,,,,Linkedin,,02 40 85 70 70
Martin Technologies,,,,,,,,,,,,,,,
Spie batignolles ETPO,,BTP,201-1000,Saint-Herblain,,,,,,,,,Linkedin,,
GOZOKI,,Industrie,1000+,Estillac,,,,,,agro alimentaire,,,,250 M€+,
AGIR Recouvrement,,,,,,,,,,,,,,,
La charcuterie Vendéenne - Petitgas,,,,,,,,,,,,,,,
Vivalto Santé,,,,,,,,,,,,,,,
Ville de CHALLANS,,,,,,,,,,,,,,,
Groupe Pautric,https://groupepautric.com/,Retail,1000+,Nantes,,,,,,distribution automobile,,,,250 M€+,
ALTYN,www.altyn-groupe.com,BTP,201-1000,Nantes,,,,,,energie,,,,,
Nickel,,,,,,,,,,,,,,,
BOUVET Menuiseries,http://www.menuiseries-bouvet.com,BTP,51-200,La Membrolle sur Longuenée,,,,,,,,,,250 M€+,
l'Hospitalet,,,,,,,,,,,,,,,
Brioche Pasquier,,,,,,,,,,,,,,,
ADMR,,,,,,,,,,,,,,,
Orisha,,,,,,,,,,,,,,,
VMI Mixing Solutions,,,,,,,,,,,,,,,
Fondation Cémavie,,,,,,,,,,,,,,,
Pileje,,,,,,,,,,,,,,,
A5sys,,,,,,,,,,,,,,,
RCM,,,,,,,,,,,,,,,
WeeFin,,,,,,,,,,,,,,,
Zoom in Zoom out,,,,,,,,,,,,,,,
Wibaie,http://www.wibaie.fr,BTP,201-1000,Cholet,,,,,,Groupe Liebot,,,Linkedin,,
Avenir Mutuelle,,,,,,,,,,,,,,,
VetPartners France,,,,,,,,,,,,,,,
APLIX,,,,,,,,,,,,,,,
SORIBA,http://www.soriba.fr,BTP,51-200,Challans,,,,"Feb 4, 2026",,,Message Laurent GORCE (https://www.notion.so/2fed19e8243380f2a00bf206bf5c546b?pvs=21),,,,0251932301
groupe bonnefon,,,,,,,,,,,,,,,
Agence Dn'D,,,,,,,,,,,,,,,
Trescal Group,,,,,,,,,,,,,,,
Compagnie des Alpes,,,,,,,,,,,,,,,
SoftatHome,,,,,,,,,,,,,,,
Vinci Construction,,,,,,,,,,,,,,,
V8TE,,,,,,,,,,,,,,,
Axa Millésimes Gestion,,,,,,,,,,"9 exceptional vineyards: Pichon Baron, Pibran, Suduiraut, Arlot, Quinta do Noval, Passadouro, Disznókő, Outpost & Platt",,,,,
Diocèse de Versailles,,,,Paris,,,,,,,,,,,
Voltéo,,,,Bordeaux,,,,,,,,,,,
Etablissements Sogal (CMAI),http://www.cmai-goupe.com/,BTP,201-1000,Angers,,,,,,utilisent logiciel Sprit of TOD,,,,,0241495450
EBTrans,http://ebtrans.com,Transports,1000+,Nantes,3 - Pertinent,,A cibler,,,,,,Linkedin,,
SOLOC,http://www.soloc.fr,BTP,201-1000,Nantes,,,A cibler,,,,,,Linkedin,,0240574270
Giffard,http://www.giffard.com,Retail,51-200,,,,A cibler,,,"seulement un RSI depuis 8 ans, pas de DSI —- peut etre un peu tot mais à voir",,,Linkedin,50 - 100 M€,
Devillé ASC,,,,,,,,,,,,,,,
BREGER,,,,,,,,,,,,,,,
