﻿Prénom + Nom,Entreprise,Fonction,Fonction macro,Niveau hiérarchique,Rôle dans la décision,Manager direct,Périmètre,Priorité prospection,Niveau de relation,Dernier contact,Prochaine relance,A relancer?,Missions liées,Actions de prospection,Notes relation,Email,Téléphone,Linkedin,Related Décideurs / Clients,Profil candidat,Localisation
Jean-Michel THION,RIVARD (https://www.notion.so/301d19e824338074ad41fb9c1e5d7d0a?pvs=21),DG,Direction générale,COMEX,Décideur,,Europe,🔴 Haute,,,,No,,,33625428981,jean-michel.thion@rivard.fr,+33.6.66.81.66.29,https://www.linkedin.com/in/jean-michel-thion-business,,,Daumeray
Nicolas BECAM,Maison BECAM (https://www.notion.so/301d19e8243380d6a3e3dda1ef3435dc?pvs=21),PDG,Direction générale,COMEX,Décideur,,France,🔴 Haute,Contacté,,,No,,,,nicolas.becam@maisonbecam.com,+33618350511,https://www.linkedin.com/in/nicolasbecamboulangerpatissier/,,,Saint Barthélémy d'Anjou
Héléne REILLE,Diocèse de Versailles (https://www.notion.so/2ecd19e82433804ba68ef7572c12a957?pvs=21),,,,,,,,,,,No,,,,,,,,Hélène GAUTIER REILLE (https://www.notion.so/2ecd19e8243380458200e2fd8ef85fb3?pvs=21),Paris
Serge COMPAGNE,Voltéo (https://www.notion.so/2ecd19e8243380a4b7e5ee81b03fdfee?pvs=21),,,,,,,,,,,No,,,,,,,,Serge COMPAGNE (https://www.notion.so/2ecd19e8243380379de5d8d5d2ede6be?pvs=21),Bordeaux
Jerome MADOC,GOZOKI (https://www.notion.so/2f7d19e82433804a8b00c11d3a6108f4?pvs=21),DG Groupe,Direction générale,COMEX,Décideur,,France,🟠 Moyenne,Echange en cours,"January 29, 2026",,No,,,,jerome_madoc@hotmail.com,,https://www.linkedin.com/in/j%C3%A9r%C3%B4me-madoc-49a15b10/,,,Estillac
Alexis CESBRON,Etablissements Sogal (CMAI) (https://www.notion.so/2ffd19e8243380a68c51cbef157854a8?pvs=21),HR Manager,Ressources humaines,N-1,Prescripteur,Isabelle SURZUR (https://www.notion.so/2ffd19e8243380a8b6e7e573ec58d955?pvs=21),France,,Inconnu,,,No,,,,,,linkedin.com/in/alexis-cesbron-17962327,,,Angers
Isabelle SURZUR,Etablissements Sogal (CMAI) (https://www.notion.so/2ffd19e8243380a68c51cbef157854a8?pvs=21),DRH,Ressources humaines,COMEX,Influenceur,,,🟠 Moyenne,Inconnu,,,No,,,,,,linkedin.com/in/isabelle-surzur-a8a83182,Alexis CESBRON (https://www.notion.so/2ffd19e8243380d0af8fdb255d72ad22?pvs=21),,Angers
Karine BOUHIER,LCA Construction Bois (https://www.notion.so/300d19e82433802abb1ce806ad4a63fc?pvs=21),DG Finance & RH,Direction générale,COMEX,Co-décideur,,France,,Inconnu,,,No,,,,,,linkedin.com/in/karine-bouhier-667b2b86,,,Cholet
Edouard BONNIN,LCA Construction Bois (https://www.notion.so/300d19e82433802abb1ce806ad4a63fc?pvs=21),DG,Direction générale,COMEX,Co-décideur,,France,,Inconnu,,,No,,,,,,linkedin.com/in/edouard-bonnin-lca-construction-bois,,,Cholet
André LEFEVRE,CRUARD CHARPENTE ET CONSTRUCTIONS BOIS (https://www.notion.so/300d19e82433803b8379db85ab4d0db6?pvs=21),DG,Direction générale,COMEX,Décideur,,France,,Inconnu,,,No,,,,,,linkedin.com/in/andré-lefevre-654517ab,,,Laval
Cyrille ROSE,SOLOC (https://www.notion.so/300d19e82433809daf28ea7cb675f2c1?pvs=21),Président,Direction générale,COMEX,Décideur,,Europe,,Inconnu,,,No,,,,,,https://www.linkedin.com/in/cyrille-rose-a74384103,,,Nantes
Pierre JOUANNEAU-GIFFARD,Giffard (https://www.notion.so/301d19e8243380a18bc8dac42e581840?pvs=21),DG,Direction générale,COMEX,Co-décideur,,Europe,🔴 Haute,Inconnu,,,No,,,,,,https://www.linkedin.com/in/pierre-jouanneau-giffard-a2760b67,,,
Jérémy MIGNÉ,Finance Conseil (https://www.notion.so/301d19e8243380a7b33edc415f7daec4?pvs=21),PDT Groupe,Direction générale,COMEX,Décideur,,France,🔴 Haute,Inconnu,,,No,,,+33678768640,j.migne@financeconseil.fr,+33678768640,https://www.linkedin.com/in/jeremymigne,,,Beaucouzé
Ali BAYDOUN,CASTEL (https://www.notion.so/301d19e82433809ebfadcb8fc360666d?pvs=21),Director @ URMET Tertiary,Direction générale,COMEX,Décideur,,Europe,🔴 Haute,Inconnu,,,No,,,+33241404140,ali.baydoun@synchronic.fr,+33679502875,https://www.linkedin.com/in/ali-baydoun-2876a2,,,Angers
