﻿Prénom + Nom,A relancer?,Actions de prospection,Dernier contact,Email,Entreprise,Fonction,Fonction macro,Linkedin,Localisation,Manager direct,Missions liées,Niveau de relation,Niveau hiérarchique,Notes relation,Priorité prospection,Prochaine relance,Profil candidat,Périmètre,Related Décideurs / Clients,Rôle dans la décision,Téléphone
Héléne REILLE,No,,,,Diocèse de Versailles (https://www.notion.so/2ecd19e82433804ba68ef7572c12a957?pvs=21),,,,Paris,,,,,,,,Hélène GAUTIER REILLE (https://www.notion.so/2ecd19e8243380458200e2fd8ef85fb3?pvs=21),,,,
Jerome MADOC,No,,"January 29, 2026",jerome_madoc@hotmail.com,GOZOKI (https://www.notion.so/2f7d19e82433804a8b00c11d3a6108f4?pvs=21),DG Groupe,Direction générale,https://www.linkedin.com/in/j%C3%A9r%C3%B4me-madoc-49a15b10/,Estillac,,,Echange en cours,COMEX,,🟠 Moyenne,,,France,,Décideur,
Serge COMPAGNE,No,,,,Voltéo (https://www.notion.so/2ecd19e8243380a4b7e5ee81b03fdfee?pvs=21),,,,Bordeaux,,,,,,,,Serge COMPAGNE (https://www.notion.so/2ecd19e8243380379de5d8d5d2ede6be?pvs=21),,,,
Alexis CESBRON,No,,,,Etablissements Sogal (CMAI) (https://www.notion.so/2ffd19e8243380a68c51cbef157854a8?pvs=21),HR Manager,Ressources humaines,linkedin.com/in/alexis-cesbron-17962327,Angers,Isabelle SURZUR (https://www.notion.so/2ffd19e8243380a8b6e7e573ec58d955?pvs=21),,Inconnu,N-1,,,,,France,,Prescripteur,
Isabelle SURZUR,No,,,,Etablissements Sogal (CMAI) (https://www.notion.so/2ffd19e8243380a68c51cbef157854a8?pvs=21),DRH,Ressources humaines,linkedin.com/in/isabelle-surzur-a8a83182,Angers,,,Inconnu,COMEX,,🟠 Moyenne,,,,Alexis CESBRON (https://www.notion.so/2ffd19e8243380d0af8fdb255d72ad22?pvs=21),Influenceur,
Karine BOUHIER,No,,,,LCA Construction Bois (https://www.notion.so/300d19e82433802abb1ce806ad4a63fc?pvs=21),DG Finance & RH,Direction générale,linkedin.com/in/karine-bouhier-667b2b86,Cholet,,,Inconnu,COMEX,,,,,France,,Co-décideur,
Edouard BONNIN,No,,,,LCA Construction Bois (https://www.notion.so/300d19e82433802abb1ce806ad4a63fc?pvs=21),DG,Direction générale,linkedin.com/in/edouard-bonnin-lca-construction-bois,Cholet,,,Inconnu,COMEX,,,,,France,,Co-décideur,
André LEFEVRE,No,,,,CRUARD CHARPENTE ET CONSTRUCTIONS BOIS (https://www.notion.so/300d19e82433803b8379db85ab4d0db6?pvs=21),DG,Direction générale,linkedin.com/in/andré-lefevre-654517ab,Laval,,,Inconnu,COMEX,,,,,France,,Décideur,
Cyrille ROSE,No,,,,SOLOC (https://www.notion.so/300d19e82433809daf28ea7cb675f2c1?pvs=21),Président,Direction générale,https://www.linkedin.com/in/cyrille-rose-a74384103,Nantes,,,Inconnu,COMEX,,,,,Europe,,Décideur,
Pierre JOUANNEAU-GIFFARD,No,,,,Giffard (https://www.notion.so/301d19e8243380a18bc8dac42e581840?pvs=21),DG,Direction générale,https://www.linkedin.com/in/pierre-jouanneau-giffard-a2760b67,,,,Inconnu,COMEX,,🔴 Haute,,,Europe,,Co-décideur,
Jérémy MIGNÉ,No,,,j.migne@financeconseil.fr,Finance Conseil (https://www.notion.so/301d19e8243380a7b33edc415f7daec4?pvs=21),PDT Groupe,Direction générale,https://www.linkedin.com/in/jeremymigne,Beaucouzé,,,Inconnu,COMEX,+33678768640,🔴 Haute,,,France,,Décideur,+33678768640
Ali BAYDOUN,No,,,ali.baydoun@synchronic.fr,CASTEL (https://www.notion.so/301d19e82433809ebfadcb8fc360666d?pvs=21),Director @ URMET Tertiary,Direction générale,https://www.linkedin.com/in/ali-baydoun-2876a2,Angers,,,Inconnu,COMEX,+33241404140,🔴 Haute,,,Europe,,Décideur,+33679502875
Nicolas BECAM,No,,,nicolas.becam@maisonbecam.com,Maison BECAM (https://www.notion.so/301d19e8243380d6a3e3dda1ef3435dc?pvs=21),PDG,Direction générale,https://www.linkedin.com/in/nicolasbecamboulangerpatissier/,Saint Barthélémy d'Anjou,,,Contacté,COMEX,,🔴 Haute,,,France,,Décideur,+33618350511
Jean-Michel THION,No,,,jean-michel.thion@rivard.fr,RIVARD (https://www.notion.so/301d19e824338074ad41fb9c1e5d7d0a?pvs=21),DG,Direction générale,https://www.linkedin.com/in/jean-michel-thion-business,Daumeray,,,,COMEX,33625428981,🔴 Haute,,,Europe,,Décideur,+33.6.66.81.66.29
