﻿Name,Poste actuel,Exposition au pouvoir,Décideur / manager connu
Maxime PUREY,RSI,Faible,Serge COMPAGNE (https://www.notion.so/2ecd19e8243380128ff1f3166d0d430c?pvs=21)
Yanis RIVET,Administrateur informatique,Faible,Serge COMPAGNE (https://www.notion.so/2ecd19e8243380128ff1f3166d0d430c?pvs=21)
Hélène GAUTIER REILLE,RSI,Forte,
Oleh T,Admin RII,Faible,
Serge COMPAGNE,Directeur SI,Forte,
https://www.linkedin.com/in/alexis-roche-6b85b06a/overlay/about-this-profile/ROCHE,RSI,Forte,
Pierre S.,RSI Adjoint,Moyenne,
https://www.linkedin.com/in/perezaurelie/overlay/about-this-profile/PEREZ,Chef de Projet IT,Faible,
Mathieu JUILLET,Responsable technique Service clients,Forte,
Yaniss BESSAA,Responsable système information,,
Etienne COUTENCEAU,Chief Information Security Officer (CISO),,
Guillaume PERRIN,Responsable des Systemes IT,,
Nicolas C,Chief Information Security Officer,,
,,,
Grégoire SANDRÉ,Groupe CISO,,
Regis-David ADJELMAN,CISO,,
Guillaume DENEUX,CISSP,,
Stanick SONRIER,RSI,,
Laurent GORCE,RSI,,
Laetitia BERTHET,RSI,,
Matthias DUPONT,Directeur IT,Forte,
Mickaël B,RSI & Projets IT,,
Arnaud BARBET,RSSI,,
,,,
David REVERSEAU,DSI,,
Eric LEGOUBIN,Information System Architect,,
Vincent PERROUIN,RSI,,
Quentin ROSA,RSSI/CISO,,
Julien DOMINICI,CIO,,
Pierre V.,RSI,,
Alexandre DODIER,DSI,,
Arnaud PECAUD,RSI,,
Guillaume CRAND,RSI,,
Bertrand DESSEVRE,RSI,,
Anthony D.,RSSI,,
Benoit BEAUGEARD,DSI,,
Vincent SCIFO,RSI,,
Nicolas VERLHAC,RSSI,,
Florian AUDOUIN,RSI,,
,,,
Ludovic BLOUIN,RSI,,
Nicolas CHEVET,CIO,,
Yohann BOiSDRON,Head of IT,Forte,
Ludovic JACOB,DSIN,,
Franck TETEDOIE,DSI,,
Yan HUBERT,DSI,,
Mickael GAULTIER,DSI Pays de la loire,,
Patrice TEXIER,DSI,,
Fabien BLAIZEAU,DSI,,
Thibault CHOLET,DSI,,
Laurent REUILLIER,DSI,,
Martin BIDET,RSI,,
Lucien DEFONTAINE,DSI,,
Etienne HENRY,DSI,Forte,
